{"cameraMode":{"drawMode":0,"name":"Shaded","section":"Shading Mode"},"sceneLighting":true,"audioPlay":false,"sceneViewState":{"showFog":true,"showMaterialUpdate":false,"showSkybox":true,"showFlares":true,"showImageEffects":true,"showParticleSystems":true},"in2DMode":false,"pivot":{"x":31.237241744995118,"y":3.0397796630859377,"z":33.73027420043945},"rotation":{"x":-0.2570270299911499,"y":0.14057940244674684,"z":-0.03782041370868683,"w":-0.9553762078285217},"size":30.594579696655275,"orthographic":false}