{"cameraMode":{"drawMode":0,"name":"Shaded","section":"Shading Mode"},"sceneLighting":true,"audioPlay":false,"sceneViewState":{"showFog":true,"showMaterialUpdate":false,"showSkybox":true,"showFlares":true,"showImageEffects":true,"showParticleSystems":true},"in2DMode":false,"pivot":{"x":2.5057787895202638,"y":-0.9127531051635742,"z":14.309042930603028},"rotation":{"x":-0.24091294407844544,"y":0.004947100766003132,"z":-0.0012280086521059275,"w":-0.9705333113670349},"size":14.161917686462403,"orthographic":false}