{"cameraMode":{"drawMode":0,"name":"Shaded","section":"Shading Mode"},"sceneLighting":true,"audioPlay":false,"sceneViewState":{"showFog":true,"showMaterialUpdate":false,"showSkybox":true,"showFlares":true,"showImageEffects":true,"showParticleSystems":true},"in2DMode":false,"pivot":{"x":-2.8223633766174318,"y":-1.7031993865966797,"z":6.494778633117676},"rotation":{"x":-0.21457979083061219,"y":0.16089342534542085,"z":-0.03586224094033241,"w":-0.9626957178115845},"size":9.188395500183106,"orthographic":false}